Name	Weight	InertiaMoment	Thrust	JetPos	CanardPos	ElevatorPos	WeaponPos0	WeaponPos1	WeaponPos2	WeaponPos3	EdgePos	CockpitPos	GunPos
Su-37_Terminator	50	4	8	-1.182617, -0.150029, -6.421999	-1.77773, 0.369087, 4.230682	-2.159478, -0.175126, -4.66514	-7.13358, 0.379674, -2.591123	-6.062166, 0.08501, -2.088631	-4.540156, -0.08825, -1.090204	-1.139073, -1.19897, 0.066277	-7.046773, 0.370064, -3.691027	0, 1.580635, 7.73701	0.868255, 0.69044, 5.06902
FA-22_Raptor	55	4.5	8.5	-0.617637, -0.500147, -6.768647		-2.0604, -0.584426, -6.311994	-0.65993, -1.804555, 0.964	-1.400245, -1.51734, 1.118975	-3.144033, -0.90606, -1.175797	-3.845903, -0.923077, -2.40343	-6.87595, -0.81607, -3.87571	0, 0.291419, 5.737713	1.83078, -0.49968, 2.86915
